start,end,length,gc_percent
0,5000,5000,53.02
2500,7500,5000,52.22
5000,10000,5000,51.12
7500,12500,5000,50.38
10000,15000,5000,50.5
12500,17500,5000,50.86000000000001
15000,20000,5000,49.38
17500,22500,5000,50.239999999999995
20000,25000,5000,53.480000000000004
22500,27500,5000,55.14
25000,30000,5000,51.76
27500,32500,5000,52.18000000000001
30000,35000,5000,54.04
32500,37500,5000,52.6
35000,40000,5000,52.42
37500,42500,5000,50.2
40000,45000,5000,51.839999999999996
42500,47500,5000,54.17999999999999
45000,50000,5000,53.7
47500,52500,5000,54.120000000000005
50000,55000,5000,53.900000000000006
52500,57500,5000,52.66
55000,60000,5000,49.220000000000006
57500,62500,5000,51.459999999999994
60000,65000,5000,54.6
62500,67500,5000,54.82
65000,70000,5000,56.56
67500,72500,5000,54.66
70000,75000,5000,54.879999999999995
72500,77500,5000,55.400000000000006
75000,80000,5000,52.32
77500,82500,5000,52.800000000000004
80000,85000,5000,49.86
82500,87500,5000,47.88
85000,90000,5000,50.06
87500,92500,5000,51.85999999999999
90000,95000,5000,54.879999999999995
92500,97500,5000,55.24
95000,100000,5000,54.16
97500,102500,5000,54.459999999999994
100000,105000,5000,53.620000000000005
102500,107500,5000,51.959999999999994
105000,110000,5000,51.739999999999995
107500,112500,5000,51.5
110000,115000,5000,50.82
112500,117500,5000,51.980000000000004
115000,120000,5000,52.78
117500,122500,5000,50.78
120000,125000,5000,51.160000000000004
122500,127500,5000,53.300000000000004
125000,130000,5000,53.26
127500,132500,5000,52.52
130000,135000,5000,53.580000000000005
132500,137500,5000,52.239999999999995
135000,140000,5000,52.0
137500,142500,5000,53.16
140000,145000,5000,50.760000000000005
142500,147500,5000,49.64
145000,150000,5000,50.32
147500,152500,5000,45.92
150000,155000,5000,42.199999999999996
152500,157500,5000,42.14
155000,160000,5000,47.74
157500,162500,5000,53.68000000000001
160000,165000,5000,54.0
162500,167500,5000,54.67999999999999
165000,170000,5000,52.739999999999995
167500,172500,5000,54.48
170000,175000,5000,57.06
172500,177500,5000,54.26
175000,180000,5000,52.080000000000005
177500,182500,5000,50.94
180000,185000,5000,50.12
182500,187500,5000,52.2
185000,190000,5000,52.28
187500,192500,5000,50.82
190000,195000,5000,50.82
192500,197500,5000,50.580000000000005
195000,200000,5000,50.660000000000004
197500,202500,5000,50.78
200000,205000,5000,52.480000000000004
202500,207500,5000,54.64
205000,210000,5000,53.620000000000005
207500,212500,5000,52.019999999999996
210000,215000,5000,53.1
212500,217500,5000,52.559999999999995
215000,220000,5000,52.66
217500,222500,5000,52.6
220000,225000,5000,50.7
222500,227500,5000,51.2
225000,230000,5000,51.019999999999996
227500,232500,5000,49.88
230000,235000,5000,48.5
232500,237500,5000,46.94
235000,240000,5000,44.84
237500,242500,5000,48.42
240000,245000,5000,53.44
242500,247500,5000,50.339999999999996
245000,250000,5000,51.2
247500,252500,5000,52.800000000000004
250000,255000,5000,49.44
252500,257500,5000,50.4
255000,260000,5000,50.44
257500,262500,5000,50.6
260000,265000,5000,52.44
262500,267500,5000,53.36
265000,270000,5000,53.059999999999995
267500,272500,5000,50.160000000000004
270000,275000,5000,51.62
272500,277500,5000,55.1
275000,280000,5000,55.50000000000001
277500,282500,5000,55.559999999999995
280000,285000,5000,60.919999999999995
282500,287500,5000,62.9
285000,290000,5000,61.6
287500,292500,5000,56.04
290000,295000,5000,43.4
292500,297500,5000,40.48
295000,300000,5000,50.96000000000001
297500,302500,5000,58.96
300000,305000,5000,52.559999999999995
302500,307500,5000,49.64
305000,310000,5000,53.94
307500,312500,5000,48.8
310000,315000,5000,42.0
312500,317500,5000,45.019999999999996
315000,320000,5000,45.98
317500,322500,5000,44.58
320000,325000,5000,47.28
322500,327500,5000,50.62
325000,330000,5000,54.279999999999994
327500,332500,5000,51.64
330000,335000,5000,47.760000000000005
332500,337500,5000,48.28
335000,340000,5000,53.02
337500,342500,5000,56.940000000000005
340000,345000,5000,50.63999999999999
342500,347500,5000,46.22
345000,350000,5000,50.63999999999999
347500,352500,5000,55.16
350000,355000,5000,56.48
352500,357500,5000,55.1
355000,360000,5000,53.959999999999994
357500,362500,5000,53.04
360000,365000,5000,52.7
362500,367500,5000,54.42
365000,370000,5000,55.04
367500,372500,5000,55.46
370000,375000,5000,55.96
372500,377500,5000,55.50000000000001
375000,380000,5000,53.26
377500,382500,5000,51.32
380000,385000,5000,47.980000000000004
382500,387500,5000,49.3
385000,390000,5000,53.36
387500,392500,5000,48.78
390000,395000,5000,45.98
392500,397500,5000,49.72
395000,400000,5000,51.160000000000004
397500,402500,5000,48.78
400000,405000,5000,49.78
402500,407500,5000,51.28
405000,410000,5000,49.480000000000004
407500,412500,5000,50.54
410000,415000,5000,52.980000000000004
412500,417500,5000,53.04
415000,420000,5000,52.14
417500,422500,5000,52.559999999999995
420000,425000,5000,53.779999999999994
422500,427500,5000,53.0
425000,430000,5000,52.300000000000004
427500,432500,5000,50.03999999999999
430000,435000,5000,50.339999999999996
432500,437500,5000,53.339999999999996
435000,440000,5000,53.36
437500,442500,5000,53.36
440000,445000,5000,52.78
442500,447500,5000,52.059999999999995
445000,450000,5000,52.26
447500,452500,5000,50.82
450000,455000,5000,49.9
452500,457500,5000,50.46000000000001
455000,460000,5000,50.68
457500,462500,5000,51.54
460000,465000,5000,51.13999999999999
462500,467500,5000,50.980000000000004
465000,470000,5000,51.76
467500,472500,5000,53.559999999999995
470000,475000,5000,54.72
472500,477500,5000,52.82
475000,480000,5000,49.6
477500,482500,5000,46.96
480000,485000,5000,50.080000000000005
482500,487500,5000,51.300000000000004
485000,490000,5000,50.68
487500,492500,5000,53.12
490000,495000,5000,55.379999999999995
492500,497500,5000,54.48
495000,500000,5000,51.92
497500,502500,5000,52.559999999999995
500000,505000,5000,52.04
502500,507500,5000,50.68
505000,510000,5000,52.52
507500,512500,5000,54.74
510000,515000,5000,54.64
512500,517500,5000,51.35999999999999
515000,520000,5000,51.54
517500,522500,5000,56.02
520000,525000,5000,57.720000000000006
522500,527500,5000,57.56
525000,530000,5000,48.5
527500,532500,5000,45.78
530000,535000,5000,51.980000000000004
532500,537500,5000,50.28
535000,540000,5000,47.760000000000005
537500,542500,5000,49.84
540000,545000,5000,50.92
542500,547500,5000,49.96
545000,550000,5000,53.839999999999996
547500,552500,5000,56.96
550000,555000,5000,54.42
552500,557500,5000,53.779999999999994
555000,560000,5000,48.94
557500,562500,5000,45.24
560000,565000,5000,46.160000000000004
562500,567500,5000,47.68
565000,570000,5000,45.86
567500,572500,5000,39.1
570000,575000,5000,42.699999999999996
572500,577500,5000,46.839999999999996
575000,580000,5000,44.18
577500,582500,5000,45.1
580000,585000,5000,40.58
582500,587500,5000,39.58
585000,590000,5000,50.62
587500,592500,5000,54.400000000000006
590000,595000,5000,51.9
592500,597500,5000,50.38
595000,600000,5000,52.76
597500,602500,5000,55.379999999999995
600000,605000,5000,52.32
602500,607500,5000,49.6
605000,610000,5000,49.64
607500,612500,5000,51.480000000000004
610000,615000,5000,53.86
612500,617500,5000,55.67999999999999
615000,620000,5000,52.739999999999995
617500,622500,5000,52.980000000000004
620000,625000,5000,56.34
622500,627500,5000,55.86
625000,630000,5000,55.620000000000005
627500,632500,5000,55.92
630000,635000,5000,55.400000000000006
632500,637500,5000,48.559999999999995
635000,640000,5000,44.86
637500,642500,5000,48.54
640000,645000,5000,50.8
642500,647500,5000,51.04
645000,650000,5000,54.279999999999994
647500,652500,5000,53.02
650000,655000,5000,50.2
652500,657500,5000,47.3
655000,660000,5000,47.0
657500,662500,5000,48.08
660000,665000,5000,48.339999999999996
662500,667500,5000,52.38
665000,670000,5000,52.6
667500,672500,5000,52.1
670000,675000,5000,52.400000000000006
672500,677500,5000,49.559999999999995
675000,680000,5000,45.9
677500,682500,5000,47.46
680000,685000,5000,49.96
682500,687500,5000,50.28
685000,690000,5000,51.12
687500,692500,5000,52.42
690000,695000,5000,53.5
692500,697500,5000,53.36
695000,700000,5000,51.76
697500,702500,5000,51.44
700000,705000,5000,51.580000000000005
702500,707500,5000,51.4
705000,710000,5000,50.260000000000005
707500,712500,5000,48.94
710000,715000,5000,50.86000000000001
712500,717500,5000,48.980000000000004
715000,720000,5000,48.04
717500,722500,5000,50.12
720000,725000,5000,53.5
722500,727500,5000,57.099999999999994
725000,730000,5000,53.879999999999995
727500,732500,5000,56.39999999999999
730000,735000,5000,57.24
732500,737500,5000,45.839999999999996
735000,740000,5000,41.699999999999996
737500,742500,5000,48.96
740000,745000,5000,53.74
742500,747500,5000,54.559999999999995
745000,750000,5000,51.13999999999999
747500,752500,5000,48.28
750000,755000,5000,46.9
752500,757500,5000,49.34
755000,760000,5000,53.779999999999994
757500,762500,5000,54.879999999999995
760000,765000,5000,55.22
762500,767500,5000,52.580000000000005
765000,770000,5000,50.62
767500,772500,5000,48.06
770000,775000,5000,49.28
772500,777500,5000,52.080000000000005
775000,780000,5000,51.64
777500,782500,5000,50.260000000000005
780000,785000,5000,49.64
782500,787500,5000,50.239999999999995
785000,790000,5000,51.35999999999999
787500,792500,5000,53.080000000000005
790000,795000,5000,52.32
792500,797500,5000,51.72
795000,800000,5000,52.42
797500,802500,5000,49.26
800000,805000,5000,48.24
802500,807500,5000,50.88
805000,810000,5000,53.16
807500,812500,5000,55.86
810000,815000,5000,53.76
812500,817500,5000,51.019999999999996
815000,820000,5000,52.580000000000005
817500,822500,5000,50.339999999999996
820000,825000,5000,50.42
822500,827500,5000,54.0
825000,830000,5000,55.059999999999995
827500,832500,5000,55.17999999999999
830000,835000,5000,53.620000000000005
832500,837500,5000,53.74
835000,840000,5000,52.480000000000004
837500,842500,5000,50.9
840000,845000,5000,52.059999999999995
842500,847500,5000,52.980000000000004
845000,850000,5000,50.22
847500,852500,5000,47.44
850000,855000,5000,48.94
852500,857500,5000,51.480000000000004
855000,860000,5000,51.559999999999995
857500,862500,5000,52.480000000000004
860000,865000,5000,53.839999999999996
862500,867500,5000,54.379999999999995
865000,870000,5000,54.24
867500,872500,5000,53.239999999999995
870000,875000,5000,47.78
872500,877500,5000,44.62
875000,880000,5000,48.44
877500,882500,5000,49.980000000000004
880000,885000,5000,50.36000000000001
882500,887500,5000,50.839999999999996
885000,890000,5000,50.38
887500,892500,5000,50.3
890000,895000,5000,50.260000000000005
892500,897500,5000,51.64
895000,900000,5000,53.339999999999996
897500,902500,5000,51.7
900000,905000,5000,50.480000000000004
902500,907500,5000,52.35999999999999
905000,910000,5000,54.86
907500,912500,5000,54.879999999999995
910000,915000,5000,52.559999999999995
912500,917500,5000,50.839999999999996
915000,920000,5000,51.13999999999999
917500,922500,5000,52.18000000000001
920000,925000,5000,51.66
922500,927500,5000,49.88
925000,930000,5000,51.800000000000004
927500,932500,5000,52.42
930000,935000,5000,51.44
932500,937500,5000,52.68000000000001
935000,940000,5000,52.980000000000004
937500,942500,5000,52.28
940000,945000,5000,51.88
942500,947500,5000,49.94
945000,950000,5000,47.099999999999994
947500,952500,5000,47.660000000000004
950000,955000,5000,48.120000000000005
952500,957500,5000,48.480000000000004
955000,960000,5000,49.8
957500,962500,5000,49.84
960000,965000,5000,49.519999999999996
962500,967500,5000,49.559999999999995
965000,970000,5000,51.519999999999996
967500,972500,5000,52.12
970000,975000,5000,51.739999999999995
972500,977500,5000,53.300000000000004
975000,980000,5000,54.84
977500,982500,5000,54.24
980000,985000,5000,51.559999999999995
982500,987500,5000,47.9
985000,990000,5000,48.26
987500,992500,5000,51.239999999999995
990000,995000,5000,53.42
992500,997500,5000,54.98
995000,1000000,5000,48.26
997500,1002500,5000,45.06
1000000,1005000,5000,49.04
1002500,1007500,5000,48.82
1005000,1010000,5000,50.42
1007500,1012500,5000,52.44
1010000,1015000,5000,51.28
1012500,1017500,5000,50.8
1015000,1020000,5000,50.82
1017500,1022500,5000,49.04
1020000,1025000,5000,49.38
1022500,1027500,5000,51.739999999999995
1025000,1030000,5000,51.519999999999996
1027500,1032500,5000,50.1
1030000,1035000,5000,52.980000000000004
1032500,1037500,5000,56.00000000000001
1035000,1040000,5000,54.6
1037500,1042500,5000,52.959999999999994
1040000,1045000,5000,51.28
1042500,1047500,5000,51.019999999999996
1045000,1050000,5000,50.94
1047500,1052500,5000,47.5
1050000,1055000,5000,48.16
1052500,1057500,5000,52.459999999999994
1055000,1060000,5000,52.92
1057500,1062500,5000,53.64
1060000,1065000,5000,49.26
1062500,1067500,5000,46.44
1065000,1070000,5000,50.1
1067500,1072500,5000,54.16
1070000,1075000,5000,55.04
1072500,1077500,5000,55.44
1075000,1080000,5000,54.66
1077500,1082500,5000,52.22
1080000,1085000,5000,52.28
1082500,1087500,5000,50.42
1085000,1090000,5000,46.839999999999996
1087500,1092500,5000,45.5
1090000,1095000,5000,44.6
1092500,1097500,5000,45.019999999999996
1095000,1100000,5000,48.5
1097500,1102500,5000,48.9
1100000,1105000,5000,44.74
1102500,1107500,5000,44.84
1105000,1110000,5000,46.86
1107500,1112500,5000,49.7
1110000,1115000,5000,52.839999999999996
1112500,1117500,5000,51.339999999999996
1115000,1120000,5000,49.16
1117500,1122500,5000,48.0
1120000,1125000,5000,50.06
1122500,1127500,5000,51.28
1125000,1130000,5000,51.980000000000004
1127500,1132500,5000,52.839999999999996
1130000,1135000,5000,53.32
1132500,1137500,5000,53.879999999999995
1135000,1140000,5000,53.32
1137500,1142500,5000,52.839999999999996
1140000,1145000,5000,52.66
1142500,1147500,5000,51.160000000000004
1145000,1150000,5000,51.839999999999996
1147500,1152500,5000,52.300000000000004
1150000,1155000,5000,51.459999999999994
1152500,1157500,5000,52.14
1155000,1160000,5000,51.78
1157500,1162500,5000,49.66
1160000,1165000,5000,51.2
1162500,1167500,5000,52.059999999999995
1165000,1170000,5000,49.68
1167500,1172500,5000,51.72
1170000,1175000,5000,53.559999999999995
1172500,1177500,5000,52.839999999999996
1175000,1180000,5000,52.239999999999995
1177500,1182500,5000,49.72
1180000,1185000,5000,48.72
1182500,1187500,5000,50.22
1185000,1190000,5000,51.0
1187500,1192500,5000,51.68000000000001
1190000,1195000,5000,51.76
1192500,1197500,5000,48.08
1195000,1200000,5000,40.26
1197500,1202500,5000,40.64
1200000,1205000,5000,47.3
1202500,1207500,5000,52.980000000000004
1205000,1210000,5000,51.800000000000004
1207500,1212500,5000,41.32
1210000,1215000,5000,38.800000000000004
1212500,1217500,5000,40.18
1215000,1220000,5000,39.76
1217500,1222500,5000,42.72
1220000,1225000,5000,45.1
1222500,1227500,5000,45.660000000000004
1225000,1230000,5000,45.72
1227500,1232500,5000,46.32
1230000,1235000,5000,48.94
1232500,1237500,5000,50.46000000000001
1235000,1240000,5000,52.92
1237500,1242500,5000,53.400000000000006
1240000,1245000,5000,50.94
1242500,1247500,5000,50.1
1245000,1250000,5000,49.72
1247500,1252500,5000,50.660000000000004
1250000,1255000,5000,50.9
1252500,1257500,5000,47.5
1255000,1260000,5000,47.74
1257500,1262500,5000,51.94
1260000,1265000,5000,52.44
1262500,1267500,5000,52.5
1265000,1270000,5000,51.239999999999995
1267500,1272500,5000,48.28
1270000,1275000,5000,48.66
1272500,1277500,5000,51.980000000000004
1275000,1280000,5000,50.86000000000001
1277500,1282500,5000,52.019999999999996
1280000,1285000,5000,54.800000000000004
1282500,1287500,5000,54.76
1285000,1290000,5000,51.76
1287500,1292500,5000,47.660000000000004
1290000,1295000,5000,46.2
1292500,1297500,5000,48.54
1295000,1300000,5000,49.08
1297500,1302500,5000,46.62
1300000,1305000,5000,48.44
1302500,1307500,5000,50.03999999999999
1305000,1310000,5000,48.78
1307500,1312500,5000,47.4
1310000,1315000,5000,47.08
1312500,1317500,5000,46.44
1315000,1320000,5000,50.06
1317500,1322500,5000,54.800000000000004
1320000,1325000,5000,53.059999999999995
1322500,1327500,5000,49.38
1325000,1330000,5000,49.78
1327500,1332500,5000,50.86000000000001
1330000,1335000,5000,49.08
1332500,1337500,5000,48.68
1335000,1340000,5000,50.13999999999999
1337500,1342500,5000,50.5
1340000,1345000,5000,48.5
1342500,1347500,5000,47.54
1345000,1350000,5000,50.28
1347500,1352500,5000,51.739999999999995
1350000,1355000,5000,52.42
1352500,1357500,5000,52.839999999999996
1355000,1360000,5000,53.0
1357500,1362500,5000,52.0
1360000,1365000,5000,53.480000000000004
1362500,1367500,5000,56.18
1365000,1370000,5000,52.72
1367500,1372500,5000,47.32
1370000,1375000,5000,48.76
1372500,1377500,5000,53.92
1375000,1380000,5000,54.459999999999994
1377500,1382500,5000,52.38
1380000,1385000,5000,50.68
1382500,1387500,5000,51.68000000000001
1385000,1390000,5000,52.739999999999995
1387500,1392500,5000,50.339999999999996
1390000,1395000,5000,46.800000000000004
1392500,1397500,5000,46.6
1395000,1400000,5000,48.339999999999996
1397500,1402500,5000,49.32
1400000,1405000,5000,51.339999999999996
1402500,1407500,5000,51.0
1405000,1410000,5000,49.18
1407500,1412500,5000,49.26
1410000,1415000,5000,46.14
1412500,1417500,5000,46.12
1415000,1420000,5000,45.78
1417500,1422500,5000,45.14
1420000,1425000,5000,45.7
1422500,1427500,5000,44.6
1425000,1430000,5000,50.9
1427500,1432500,5000,53.38
1430000,1435000,5000,45.58
1432500,1437500,5000,42.72
1435000,1440000,5000,49.14
1437500,1442500,5000,51.94
1440000,1445000,5000,51.019999999999996
1442500,1447500,5000,48.8
1445000,1450000,5000,49.220000000000006
1447500,1452500,5000,51.7
1450000,1455000,5000,50.82
1452500,1457500,5000,52.04
1455000,1460000,5000,53.94
1457500,1462500,5000,53.94
1460000,1465000,5000,52.580000000000005
1462500,1467500,5000,49.58
1465000,1470000,5000,48.699999999999996
1467500,1472500,5000,47.52
1470000,1475000,5000,49.08
1472500,1477500,5000,47.92
1475000,1480000,5000,44.6
1477500,1482500,5000,48.76
1480000,1485000,5000,51.92
1482500,1487500,5000,51.92
1485000,1490000,5000,50.38
1487500,1492500,5000,47.8
1490000,1495000,5000,48.620000000000005
1492500,1497500,5000,50.5
1495000,1500000,5000,48.78
1497500,1502500,5000,47.56
1500000,1505000,5000,48.14
1502500,1507500,5000,50.42
1505000,1510000,5000,49.86
1507500,1512500,5000,49.46
1510000,1515000,5000,52.300000000000004
1512500,1517500,5000,52.019999999999996
1515000,1520000,5000,51.1
1517500,1522500,5000,49.46
1520000,1525000,5000,48.84
1522500,1527500,5000,47.78
1525000,1530000,5000,49.54
1527500,1532500,5000,45.04
1530000,1535000,5000,42.34
1532500,1537500,5000,51.18000000000001
1535000,1540000,5000,54.400000000000006
1537500,1542500,5000,55.04
1540000,1545000,5000,49.24
1542500,1547500,5000,42.18
1545000,1550000,5000,47.74
1547500,1552500,5000,53.04
1550000,1555000,5000,51.88
1552500,1557500,5000,49.94
1555000,1560000,5000,50.739999999999995
1557500,1562500,5000,52.980000000000004
1560000,1565000,5000,51.28
1562500,1567500,5000,47.72
1565000,1570000,5000,47.599999999999994
1567500,1572500,5000,48.94
1570000,1575000,5000,47.46
1572500,1577500,5000,46.54
1575000,1580000,5000,43.74
1577500,1582500,5000,42.34
1580000,1585000,5000,41.58
1582500,1587500,5000,43.580000000000005
1585000,1590000,5000,45.62
1587500,1592500,5000,44.7
1590000,1595000,5000,48.96
1592500,1597500,5000,50.78
1595000,1600000,5000,47.839999999999996
1597500,1602500,5000,48.339999999999996
1600000,1605000,5000,51.66
1602500,1607500,5000,51.32
1605000,1610000,5000,49.72
1607500,1612500,5000,50.22
1610000,1615000,5000,51.06
1612500,1617500,5000,48.8
1615000,1620000,5000,47.28
1617500,1622500,5000,48.94
1620000,1625000,5000,45.42
1622500,1627500,5000,46.1
1625000,1630000,5000,49.96
1627500,1632500,5000,48.1
1630000,1635000,5000,43.84
1632500,1637500,5000,44.1
1635000,1640000,5000,43.5
1637500,1642500,5000,39.839999999999996
1640000,1645000,5000,44.9
1642500,1647500,5000,47.86
1645000,1650000,5000,45.6
1647500,1652500,5000,46.36
1650000,1655000,5000,47.08
1652500,1657500,5000,46.300000000000004
1655000,1660000,5000,47.660000000000004
1657500,1662500,5000,50.239999999999995
1660000,1665000,5000,51.92
1662500,1667500,5000,52.32
1665000,1670000,5000,51.25999999999999
1667500,1672500,5000,50.239999999999995
1670000,1675000,5000,49.08
1672500,1677500,5000,50.63999999999999
1675000,1680000,5000,50.7
1677500,1682500,5000,49.46
1680000,1685000,5000,50.22
1682500,1687500,5000,51.339999999999996
1685000,1690000,5000,51.04
1687500,1692500,5000,48.58
1690000,1695000,5000,49.46
1692500,1697500,5000,50.1
1695000,1700000,5000,49.46
1697500,1702500,5000,50.56
1700000,1705000,5000,50.339999999999996
1702500,1707500,5000,50.72
1705000,1710000,5000,53.080000000000005
1707500,1712500,5000,52.04
1710000,1715000,5000,49.78
1712500,1717500,5000,50.62
1715000,1720000,5000,50.63999999999999
1717500,1722500,5000,49.66
1720000,1725000,5000,50.8
1722500,1727500,5000,52.04
1725000,1730000,5000,53.239999999999995
1727500,1732500,5000,55.34
1730000,1735000,5000,53.839999999999996
1732500,1737500,5000,51.080000000000005
1735000,1740000,5000,51.0
1737500,1742500,5000,50.36000000000001
1740000,1745000,5000,49.94
1742500,1747500,5000,48.9
1745000,1750000,5000,48.68
1747500,1752500,5000,50.13999999999999
1750000,1755000,5000,47.8
1752500,1757500,5000,45.26
1755000,1760000,5000,48.26
1757500,1762500,5000,52.42
1760000,1765000,5000,51.300000000000004
1762500,1767500,5000,50.96000000000001
1765000,1770000,5000,52.94
1767500,1772500,5000,48.44
1770000,1775000,5000,45.379999999999995
1772500,1777500,5000,47.22
1775000,1780000,5000,47.54
1777500,1782500,5000,50.86000000000001
1780000,1785000,5000,52.26
1782500,1787500,5000,50.82
1785000,1790000,5000,51.300000000000004
1787500,1792500,5000,49.419999999999995
1790000,1795000,5000,50.32
1792500,1797500,5000,53.04
1795000,1800000,5000,52.1
1797500,1802500,5000,50.239999999999995
1800000,1805000,5000,44.18
1802500,1807500,5000,43.82
1805000,1810000,5000,48.58
1807500,1812500,5000,49.32
1810000,1815000,5000,46.98
1812500,1817500,5000,47.96
1815000,1820000,5000,48.38
1817500,1822500,5000,45.94
1820000,1825000,5000,48.8
1822500,1827500,5000,50.44
1825000,1830000,5000,54.059999999999995
1827500,1832500,5000,54.82
1830000,1835000,5000,50.839999999999996
1832500,1837500,5000,52.72
1835000,1840000,5000,54.74
1837500,1842500,5000,52.5
1840000,1845000,5000,49.4
1842500,1847500,5000,51.5
1845000,1850000,5000,53.64
1847500,1852500,5000,51.88
1850000,1855000,5000,47.68
1852500,1857500,5000,45.14
1855000,1860000,5000,46.739999999999995
1857500,1862500,5000,47.599999999999994
1860000,1865000,5000,48.58
1862500,1867500,5000,49.0
1865000,1870000,5000,49.9
1867500,1872500,5000,45.92
1870000,1875000,5000,44.34
1872500,1877500,5000,49.5
1875000,1880000,5000,48.74
1877500,1882500,5000,47.38
1880000,1885000,5000,49.7
1882500,1887500,5000,51.42
1885000,1890000,5000,51.42
1887500,1892500,5000,52.559999999999995
1890000,1895000,5000,51.13999999999999
1892500,1897500,5000,49.34
1895000,1900000,5000,51.739999999999995
1897500,1902500,5000,51.800000000000004
1900000,1905000,5000,51.12
1902500,1907500,5000,49.08
1905000,1910000,5000,44.940000000000005
1907500,1912500,5000,46.98
1910000,1915000,5000,50.54
1912500,1917500,5000,49.62
1915000,1920000,5000,51.4
1917500,1922500,5000,52.339999999999996
1920000,1925000,5000,49.74
1922500,1927500,5000,49.059999999999995
1925000,1930000,5000,50.0
1927500,1932500,5000,50.980000000000004
1930000,1935000,5000,52.2
1932500,1937500,5000,50.78
1935000,1940000,5000,50.12
1937500,1942500,5000,51.12
1940000,1945000,5000,51.18000000000001
1942500,1947500,5000,50.06
1945000,1950000,5000,50.56
1947500,1952500,5000,52.12
1950000,1955000,5000,51.62
1952500,1957500,5000,51.5
1955000,1960000,5000,49.04
1957500,1962500,5000,47.86
1960000,1965000,5000,51.559999999999995
1962500,1967500,5000,53.54
1965000,1970000,5000,54.059999999999995
1967500,1972500,5000,53.879999999999995
1970000,1975000,5000,52.739999999999995
1972500,1977500,5000,52.14
1975000,1980000,5000,48.4
1977500,1982500,5000,47.3
1980000,1985000,5000,50.480000000000004
1982500,1987500,5000,48.58
1985000,1990000,5000,45.58
1987500,1992500,5000,48.22
1990000,1995000,5000,50.82
1992500,1997500,5000,48.78
1995000,2000000,5000,49.480000000000004
1997500,2002500,5000,50.760000000000005
2000000,2005000,5000,49.1
2002500,2007500,5000,49.2
2005000,2010000,5000,51.2
2007500,2012500,5000,46.82
2010000,2015000,5000,47.06
2012500,2017500,5000,55.279999999999994
2015000,2020000,5000,56.00000000000001
2017500,2022500,5000,54.24
2020000,2025000,5000,49.58
2022500,2027500,5000,48.04
2025000,2030000,5000,50.8
2027500,2032500,5000,52.059999999999995
2030000,2035000,5000,49.1
2032500,2037500,5000,44.58
2035000,2040000,5000,44.019999999999996
2037500,2042500,5000,43.84
2040000,2045000,5000,43.62
2042500,2047500,5000,46.98
2045000,2050000,5000,50.660000000000004
2047500,2052500,5000,48.96
2050000,2055000,5000,46.160000000000004
2052500,2057500,5000,44.940000000000005
2055000,2060000,5000,44.940000000000005
2057500,2062500,5000,46.160000000000004
2060000,2065000,5000,49.220000000000006
2062500,2067500,5000,50.78
2065000,2070000,5000,48.02
2067500,2072500,5000,49.26
2070000,2075000,5000,55.32
2072500,2077500,5000,55.1
2075000,2080000,5000,49.96
2077500,2082500,5000,48.58
2080000,2085000,5000,49.54
2082500,2087500,5000,49.24
2085000,2090000,5000,48.699999999999996
2087500,2092500,5000,52.18000000000001
2090000,2095000,5000,55.379999999999995
2092500,2097500,5000,54.400000000000006
2095000,2100000,5000,48.5
2097500,2102500,5000,45.92
2100000,2105000,5000,43.34
2102500,2107500,5000,36.04
2105000,2110000,5000,35.22
2107500,2112500,5000,40.06
2110000,2115000,5000,44.48
2112500,2117500,5000,49.1
2115000,2120000,5000,53.620000000000005
2117500,2122500,5000,54.800000000000004
2120000,2125000,5000,54.86
2122500,2127500,5000,55.059999999999995
2125000,2130000,5000,51.72
2127500,2132500,5000,48.94
2130000,2135000,5000,51.32
2132500,2137500,5000,52.42
2135000,2140000,5000,50.96000000000001
2137500,2142500,5000,51.66
2140000,2145000,5000,52.2
2142500,2147500,5000,52.26
2145000,2150000,5000,54.08
2147500,2152500,5000,50.54
2150000,2155000,5000,49.16
2152500,2157500,5000,53.800000000000004
2155000,2160000,5000,56.68
2157500,2162500,5000,56.48
2160000,2165000,5000,54.82
2162500,2167500,5000,52.5
2165000,2170000,5000,47.56
2167500,2172500,5000,48.08
2170000,2175000,5000,49.74
2172500,2177500,5000,48.4
2175000,2180000,5000,49.76
2177500,2182500,5000,52.42
2180000,2185000,5000,53.44
2182500,2187500,5000,50.339999999999996
2185000,2190000,5000,46.04
2187500,2192500,5000,41.48
2190000,2195000,5000,44.78
2192500,2197500,5000,49.559999999999995
2195000,2200000,5000,50.760000000000005
2197500,2202500,5000,51.44
2200000,2205000,5000,49.46
2202500,2207500,5000,51.78
2205000,2210000,5000,55.120000000000005
2207500,2212500,5000,52.580000000000005
2210000,2215000,5000,49.9
2212500,2217500,5000,52.2
2215000,2220000,5000,54.82
2217500,2222500,5000,54.1
2220000,2225000,5000,52.300000000000004
2222500,2227500,5000,52.580000000000005
2225000,2230000,5000,52.82
2227500,2232500,5000,52.059999999999995
2230000,2235000,5000,50.6
2232500,2237500,5000,50.22
2235000,2240000,5000,49.24
2237500,2242500,5000,49.059999999999995
2240000,2245000,5000,51.85999999999999
2242500,2247500,5000,51.88
2245000,2250000,5000,51.62
2247500,2252500,5000,52.42
2250000,2255000,5000,52.300000000000004
2252500,2257500,5000,49.6
2255000,2260000,5000,47.4
2257500,2262500,5000,51.13999999999999
2260000,2265000,5000,53.82
2262500,2267500,5000,51.68000000000001
2265000,2270000,5000,49.16
2267500,2272500,5000,48.26
2270000,2275000,5000,50.2
2272500,2277500,5000,51.76
2275000,2280000,5000,50.980000000000004
2277500,2282500,5000,51.18000000000001
2280000,2285000,5000,51.459999999999994
2282500,2287500,5000,50.9
2285000,2290000,5000,50.06
2287500,2292500,5000,49.62
2290000,2295000,5000,53.36
2292500,2297500,5000,56.10000000000001
2295000,2300000,5000,55.22
2297500,2302500,5000,55.46
2300000,2305000,5000,54.92
2302500,2307500,5000,52.959999999999994
2305000,2310000,5000,53.239999999999995
2307500,2312500,5000,53.300000000000004
2310000,2315000,5000,49.18
2312500,2317500,5000,47.06
2315000,2320000,5000,49.6
2317500,2322500,5000,50.13999999999999
2320000,2325000,5000,49.8
2322500,2327500,5000,51.459999999999994
2325000,2330000,5000,53.339999999999996
2327500,2332500,5000,54.16
2330000,2335000,5000,53.800000000000004
2332500,2337500,5000,52.480000000000004
2335000,2340000,5000,52.66
2337500,2342500,5000,53.72
2340000,2345000,5000,49.120000000000005
2342500,2347500,5000,49.120000000000005
2345000,2350000,5000,51.44
2347500,2352500,5000,49.38
2350000,2355000,5000,52.38
2352500,2357500,5000,54.16
2355000,2360000,5000,52.68000000000001
2357500,2362500,5000,51.66
2360000,2365000,5000,50.68
2362500,2367500,5000,48.5
2365000,2370000,5000,48.9
2367500,2372500,5000,51.300000000000004
2370000,2375000,5000,52.18000000000001
2372500,2377500,5000,54.96
2375000,2380000,5000,56.379999999999995
2377500,2382500,5000,53.26
2380000,2385000,5000,45.72
2382500,2387500,5000,42.52
2385000,2390000,5000,42.04
2387500,2392500,5000,47.92
2390000,2395000,5000,56.3
2392500,2397500,5000,55.36
2395000,2400000,5000,55.44
2397500,2402500,5000,56.02
2400000,2405000,5000,54.92
2402500,2407500,5000,48.5
2405000,2410000,5000,46.58
2407500,2412500,5000,51.62
2410000,2415000,5000,51.28
2412500,2417500,5000,51.54
2415000,2420000,5000,52.739999999999995
2417500,2422500,5000,51.72
2420000,2425000,5000,50.12
2422500,2427500,5000,49.36
2425000,2430000,5000,50.54
2427500,2432500,5000,52.76
2430000,2435000,5000,53.52
2432500,2437500,5000,53.459999999999994
2435000,2440000,5000,54.1
2437500,2442500,5000,54.08
2440000,2445000,5000,53.42
2442500,2447500,5000,54.059999999999995
2445000,2450000,5000,52.739999999999995
2447500,2452500,5000,49.62
2450000,2455000,5000,50.42
2452500,2457500,5000,48.02
2455000,2460000,5000,49.04
2457500,2462500,5000,51.739999999999995
2460000,2465000,5000,45.540000000000006
2462500,2467500,5000,44.56
2465000,2470000,5000,42.5
2467500,2472500,5000,40.6
2470000,2475000,5000,46.379999999999995
2472500,2477500,5000,47.38
2475000,2480000,5000,46.92
2477500,2482500,5000,46.44
2480000,2485000,5000,42.24
2482500,2487500,5000,40.14
2485000,2490000,5000,42.68
2487500,2492500,5000,44.9
2490000,2495000,5000,44.0
2492500,2497500,5000,45.42
2495000,2500000,5000,49.16
2497500,2502500,5000,50.980000000000004
2500000,2505000,5000,54.059999999999995
2502500,2507500,5000,56.44
2505000,2510000,5000,53.480000000000004
2507500,2512500,5000,51.800000000000004
2510000,2515000,5000,51.2
2512500,2517500,5000,49.24
2515000,2520000,5000,49.02
2517500,2522500,5000,49.8
2520000,2525000,5000,49.220000000000006
2522500,2527500,5000,48.66
2525000,2530000,5000,51.559999999999995
2527500,2532500,5000,52.019999999999996
2530000,2535000,5000,49.72
2532500,2537500,5000,49.059999999999995
2535000,2540000,5000,49.46
2537500,2542500,5000,53.5
2540000,2545000,5000,54.64
2542500,2547500,5000,52.459999999999994
2545000,2550000,5000,53.32
2547500,2552500,5000,52.5
2550000,2555000,5000,52.22
2552500,2557500,5000,54.76
2555000,2560000,5000,55.26
2557500,2562500,5000,49.78
2560000,2565000,5000,46.68
2562500,2567500,5000,52.42
2565000,2570000,5000,57.16
2567500,2572500,5000,57.32000000000001
2570000,2575000,5000,57.49999999999999
2572500,2577500,5000,54.459999999999994
2575000,2580000,5000,50.9
2577500,2582500,5000,52.68000000000001
2580000,2585000,5000,54.14
2582500,2587500,5000,52.12
2585000,2590000,5000,51.85999999999999
2587500,2592500,5000,51.44
2590000,2595000,5000,51.5
2592500,2597500,5000,53.5
2595000,2600000,5000,52.88
2597500,2602500,5000,51.519999999999996
2600000,2605000,5000,53.1
2602500,2607500,5000,54.559999999999995
2605000,2610000,5000,54.379999999999995
2607500,2612500,5000,54.339999999999996
2610000,2615000,5000,53.1
2612500,2617500,5000,52.839999999999996
2615000,2620000,5000,52.900000000000006
2617500,2622500,5000,51.339999999999996
2620000,2625000,5000,50.03999999999999
2622500,2627500,5000,49.78
2625000,2630000,5000,46.1
2627500,2632500,5000,47.36
2630000,2635000,5000,52.86
2632500,2637500,5000,52.22
2635000,2640000,5000,51.980000000000004
2637500,2642500,5000,53.42
2640000,2645000,5000,52.42
2642500,2647500,5000,53.92
2645000,2650000,5000,55.279999999999994
2647500,2652500,5000,52.300000000000004
2650000,2655000,5000,49.58
2652500,2657500,5000,51.519999999999996
2655000,2660000,5000,55.120000000000005
2657500,2662500,5000,53.94
2660000,2665000,5000,52.78
2662500,2667500,5000,52.66
2665000,2670000,5000,51.42
2667500,2672500,5000,52.66
2670000,2675000,5000,53.94
2672500,2677500,5000,54.32
2675000,2680000,5000,53.16
2677500,2682500,5000,53.16
2680000,2685000,5000,53.28000000000001
2682500,2687500,5000,50.660000000000004
2685000,2690000,5000,52.059999999999995
2687500,2692500,5000,53.36
2690000,2695000,5000,55.14
2692500,2697500,5000,54.32
2695000,2700000,5000,50.46000000000001
2697500,2702500,5000,50.22
2700000,2705000,5000,51.080000000000005
2702500,2707500,5000,52.080000000000005
2705000,2710000,5000,51.82
2707500,2712500,5000,51.25999999999999
2710000,2715000,5000,51.85999999999999
2712500,2717500,5000,50.22
2715000,2720000,5000,50.739999999999995
2717500,2722500,5000,53.800000000000004
2720000,2725000,5000,51.94
2722500,2727500,5000,50.28
2725000,2730000,5000,51.38
2727500,2732500,5000,51.839999999999996
2730000,2735000,5000,51.739999999999995
2732500,2737500,5000,50.46000000000001
2735000,2740000,5000,49.84
2737500,2742500,5000,48.36
2740000,2745000,5000,48.02
2742500,2747500,5000,51.2
2745000,2750000,5000,52.32
2747500,2752500,5000,50.78
2750000,2755000,5000,49.44
2752500,2757500,5000,49.08
2755000,2760000,5000,43.980000000000004
2757500,2762500,5000,40.64
2760000,2765000,5000,45.7
2762500,2767500,5000,47.099999999999994
2765000,2770000,5000,49.16
2767500,2772500,5000,51.88
2770000,2775000,5000,44.42
2772500,2777500,5000,44.62
2775000,2780000,5000,50.660000000000004
2777500,2782500,5000,48.9
2780000,2785000,5000,42.699999999999996
2782500,2787500,5000,37.2
2785000,2790000,5000,40.1
2787500,2792500,5000,51.239999999999995
2790000,2795000,5000,57.720000000000006
2792500,2797500,5000,53.239999999999995
2795000,2800000,5000,47.0
2797500,2802500,5000,47.72
2800000,2805000,5000,49.419999999999995
2802500,2807500,5000,50.86000000000001
2805000,2810000,5000,53.16
2807500,2812500,5000,51.94
2810000,2815000,5000,52.68000000000001
2812500,2817500,5000,52.35999999999999
2815000,2820000,5000,49.82
2817500,2822500,5000,50.839999999999996
2820000,2825000,5000,53.54
2822500,2827500,5000,52.94
2825000,2830000,5000,51.68000000000001
2827500,2832500,5000,53.459999999999994
2830000,2835000,5000,54.76
2832500,2837500,5000,55.779999999999994
2835000,2840000,5000,54.14
2837500,2842500,5000,52.28
2840000,2845000,5000,54.339999999999996
2842500,2847500,5000,56.16
2845000,2850000,5000,57.440000000000005
2847500,2852500,5000,55.22
2850000,2855000,5000,53.66
2852500,2857500,5000,53.16
2855000,2860000,5000,53.080000000000005
2857500,2862500,5000,51.78
2860000,2865000,5000,51.42
2862500,2867500,5000,52.739999999999995
2865000,2870000,5000,52.22
2867500,2872500,5000,53.080000000000005
2870000,2875000,5000,53.02
2872500,2877500,5000,51.480000000000004
2875000,2880000,5000,51.66
2877500,2882500,5000,49.04
2880000,2885000,5000,43.64
2882500,2887500,5000,43.16
2885000,2890000,5000,49.24
2887500,2892500,5000,53.6
2890000,2895000,5000,52.76
2892500,2897500,5000,53.92
2895000,2900000,5000,52.28
2897500,2902500,5000,48.4
2900000,2905000,5000,45.800000000000004
2902500,2907500,5000,44.1
2905000,2910000,5000,47.620000000000005
2907500,2912500,5000,51.18000000000001
2910000,2915000,5000,51.66
2912500,2917500,5000,50.86000000000001
2915000,2920000,5000,51.13999999999999
2917500,2922500,5000,51.78
2920000,2925000,5000,50.82
2922500,2927500,5000,50.1
2925000,2930000,5000,49.1
2927500,2932500,5000,51.76
2930000,2935000,5000,50.12
2932500,2937500,5000,49.36
2935000,2940000,5000,51.78
2937500,2942500,5000,51.1
2940000,2945000,5000,51.54
2942500,2947500,5000,51.559999999999995
2945000,2950000,5000,51.94
2947500,2952500,5000,53.14
2950000,2955000,5000,54.339999999999996
2952500,2957500,5000,53.54
2955000,2960000,5000,51.959999999999994
2957500,2962500,5000,52.62
2960000,2965000,5000,53.52
2962500,2967500,5000,52.800000000000004
2965000,2970000,5000,50.72
2967500,2972500,5000,49.96
2970000,2975000,5000,52.7
2972500,2977500,5000,52.400000000000006
2975000,2980000,5000,51.54
2977500,2982500,5000,50.519999999999996
2980000,2985000,5000,49.26
2982500,2987500,5000,46.56
2985000,2990000,5000,39.379999999999995
2987500,2992500,5000,33.68
2990000,2995000,5000,33.0
2992500,2997500,5000,37.980000000000004
2995000,3000000,5000,43.26
2997500,3002500,5000,48.24
3000000,3005000,5000,51.35999999999999
3002500,3007500,5000,48.18
3005000,3010000,5000,48.8
3007500,3012500,5000,51.739999999999995
3010000,3015000,5000,51.459999999999994
3012500,3017500,5000,49.3
3015000,3020000,5000,50.06
3017500,3022500,5000,52.72
3020000,3025000,5000,52.080000000000005
3022500,3027500,5000,50.63999999999999
3025000,3030000,5000,51.42
3027500,3032500,5000,50.96000000000001
3030000,3035000,5000,49.2
3032500,3037500,5000,52.28
3035000,3040000,5000,53.14
3037500,3042500,5000,51.94
3040000,3045000,5000,50.739999999999995
3042500,3047500,5000,52.059999999999995
3045000,3050000,5000,54.559999999999995
3047500,3052500,5000,52.92
3050000,3055000,5000,53.52
3052500,3057500,5000,53.16
3055000,3060000,5000,50.86000000000001
3057500,3062500,5000,52.04
3060000,3065000,5000,53.080000000000005
3062500,3067500,5000,51.339999999999996
3065000,3070000,5000,49.519999999999996
3067500,3072500,5000,50.36000000000001
3070000,3075000,5000,50.36000000000001
3072500,3077500,5000,51.0
3075000,3080000,5000,49.72
3077500,3082500,5000,50.56
3080000,3085000,5000,54.1
3082500,3087500,5000,52.42
3085000,3090000,5000,50.739999999999995
3087500,3092500,5000,51.92
3090000,3095000,5000,53.6
3092500,3097500,5000,52.92
3095000,3100000,5000,51.019999999999996
3097500,3102500,5000,49.86
3100000,3105000,5000,51.28
3102500,3107500,5000,51.6
3105000,3110000,5000,50.6
3107500,3112500,5000,52.26
3110000,3115000,5000,51.7
3112500,3117500,5000,50.94
3115000,3120000,5000,50.239999999999995
3117500,3122500,5000,49.74
3120000,3125000,5000,52.459999999999994
3122500,3127500,5000,55.379999999999995
3125000,3130000,5000,55.04
3127500,3132500,5000,52.7
3130000,3135000,5000,50.6
3132500,3137500,5000,49.3
3135000,3140000,5000,50.94
3137500,3142500,5000,53.36
3140000,3145000,5000,54.1
3142500,3147500,5000,52.44
3145000,3150000,5000,50.6
3147500,3152500,5000,50.580000000000005
3150000,3155000,5000,51.13999999999999
3152500,3157500,5000,51.5
3155000,3160000,5000,50.72
3157500,3162500,5000,52.42
3160000,3165000,5000,53.86
3162500,3167500,5000,52.839999999999996
3165000,3170000,5000,50.06
3167500,3172500,5000,47.58
3170000,3175000,5000,50.3
3172500,3177500,5000,52.839999999999996
3175000,3180000,5000,52.0
3177500,3182500,5000,51.62
3180000,3185000,5000,50.68
3182500,3187500,5000,47.38
3185000,3190000,5000,44.16
3187500,3192500,5000,40.94
3190000,3195000,5000,43.96
3192500,3197500,5000,51.459999999999994
3195000,3200000,5000,55.26
3197500,3202500,5000,54.96
3200000,3205000,5000,53.44
3202500,3207500,5000,51.78
3205000,3210000,5000,53.38
3207500,3212500,5000,54.48
3210000,3215000,5000,52.78
3212500,3217500,5000,52.42
3215000,3220000,5000,52.1
3217500,3222500,5000,52.38
3220000,3225000,5000,52.7
3222500,3227500,5000,52.26
3225000,3230000,5000,51.44
3227500,3232500,5000,53.74
3230000,3235000,5000,53.92
3232500,3237500,5000,51.7
3235000,3240000,5000,51.76
3237500,3242500,5000,52.26
3240000,3245000,5000,52.82
3242500,3247500,5000,52.44
3245000,3250000,5000,50.96000000000001
3247500,3252500,5000,49.7
3250000,3255000,5000,49.7
3252500,3257500,5000,51.78
3255000,3260000,5000,52.459999999999994
3257500,3262500,5000,51.85999999999999
3260000,3265000,5000,50.94
3262500,3267500,5000,45.22
3265000,3270000,5000,38.4
3267500,3272500,5000,45.28
3270000,3275000,5000,52.92
3272500,3277500,5000,49.84
3275000,3280000,5000,50.019999999999996
3277500,3282500,5000,52.52
3280000,3285000,5000,51.519999999999996
3282500,3287500,5000,47.94
3285000,3290000,5000,46.04
3287500,3292500,5000,46.760000000000005
3290000,3295000,5000,50.9
3292500,3297500,5000,53.7
3295000,3300000,5000,53.6
3297500,3302500,5000,53.5
3300000,3305000,5000,54.17999999999999
3302500,3307500,5000,54.54
3305000,3310000,5000,52.559999999999995
3307500,3312500,5000,51.38
3310000,3315000,5000,52.839999999999996
3312500,3317500,5000,53.239999999999995
3315000,3320000,5000,50.9
3317500,3322500,5000,46.300000000000004
3320000,3325000,5000,47.92
3322500,3327500,5000,52.6
3325000,3330000,5000,51.44
3327500,3332500,5000,51.019999999999996
3330000,3335000,5000,50.839999999999996
3332500,3337500,5000,50.96000000000001
3335000,3340000,5000,52.959999999999994
3337500,3342500,5000,52.22
3340000,3345000,5000,51.2
3342500,3347500,5000,51.44
3345000,3350000,5000,50.839999999999996
3347500,3352500,5000,50.63999999999999
3350000,3355000,5000,50.519999999999996
3352500,3357500,5000,53.64
3355000,3360000,5000,56.84
3357500,3362500,5000,50.06
3360000,3365000,5000,44.56
3362500,3367500,5000,47.04
3365000,3370000,5000,49.26
3367500,3372500,5000,53.16
3370000,3375000,5000,52.32
3372500,3377500,5000,50.5
3375000,3380000,5000,51.06
3377500,3382500,5000,50.5
3380000,3385000,5000,50.18
3382500,3387500,5000,48.88
3385000,3390000,5000,50.12
3387500,3392500,5000,52.62
3390000,3395000,5000,52.739999999999995
3392500,3397500,5000,53.2
3395000,3400000,5000,54.2
3397500,3402500,5000,52.900000000000006
3400000,3405000,5000,51.18000000000001
3402500,3407500,5000,51.04
3405000,3410000,5000,53.239999999999995
3407500,3412500,5000,51.12
3410000,3415000,5000,46.46
3412500,3417500,5000,48.44
3415000,3420000,5000,49.58
3417500,3422500,5000,49.32
3420000,3425000,5000,51.559999999999995
3422500,3427500,5000,51.82
3425000,3430000,5000,50.86000000000001
3427500,3432500,5000,49.64
3430000,3435000,5000,49.6
3432500,3437500,5000,50.260000000000005
3435000,3440000,5000,48.84
3437500,3442500,5000,49.120000000000005
3440000,3445000,5000,50.580000000000005
3442500,3447500,5000,50.38
3445000,3450000,5000,50.660000000000004
3447500,3452500,5000,50.94
3450000,3455000,5000,50.160000000000004
3452500,3457500,5000,47.099999999999994
3455000,3460000,5000,48.58
3457500,3462500,5000,51.66
3460000,3465000,5000,50.580000000000005
3462500,3467500,5000,48.54
3465000,3470000,5000,48.08
3467500,3472500,5000,49.7
3470000,3475000,5000,50.18
3472500,3477500,5000,49.62
3475000,3480000,5000,51.0
3477500,3482500,5000,54.0
3480000,3485000,5000,54.92
3482500,3487500,5000,52.559999999999995
3485000,3490000,5000,52.32
3487500,3492500,5000,52.18000000000001
3490000,3495000,5000,50.62
3492500,3497500,5000,52.580000000000005
3495000,3500000,5000,51.94
3497500,3502500,5000,52.16
3500000,3505000,5000,54.400000000000006
3502500,3507500,5000,54.26
3505000,3510000,5000,53.92
3507500,3512500,5000,52.5
3510000,3515000,5000,51.800000000000004
3512500,3517500,5000,52.0
3515000,3520000,5000,51.82
3517500,3522500,5000,53.92
3520000,3525000,5000,55.400000000000006
3522500,3527500,5000,52.800000000000004
3525000,3530000,5000,51.7
3527500,3532500,5000,51.580000000000005
3530000,3535000,5000,51.5
3532500,3537500,5000,52.32
3535000,3540000,5000,53.74
3537500,3542500,5000,54.04
3540000,3545000,5000,52.5
3542500,3547500,5000,52.26
3545000,3550000,5000,53.74
3547500,3552500,5000,53.620000000000005
3550000,3555000,5000,51.72
3552500,3557500,5000,52.959999999999994
3555000,3560000,5000,53.839999999999996
3557500,3562500,5000,52.959999999999994
3560000,3565000,5000,51.66
3562500,3567500,5000,51.559999999999995
3565000,3570000,5000,52.82
3567500,3572500,5000,53.82
3570000,3575000,5000,53.38
3572500,3577500,5000,52.16
3575000,3580000,5000,52.04
3577500,3582500,5000,47.88
3580000,3585000,5000,41.54
3582500,3587500,5000,46.400000000000006
3585000,3590000,5000,55.08
3587500,3592500,5000,55.14
3590000,3595000,5000,54.67999999999999
3592500,3597500,5000,55.44
3595000,3600000,5000,51.94
3597500,3602500,5000,50.86000000000001
3600000,3605000,5000,53.12
3602500,3607500,5000,53.580000000000005
3605000,3610000,5000,54.2
3607500,3612500,5000,53.98
3610000,3615000,5000,53.52
3612500,3617500,5000,56.220000000000006
3615000,3620000,5000,58.4
3617500,3622500,5000,59.5
3620000,3625000,5000,50.839999999999996
3622500,3627500,5000,45.82
3625000,3630000,5000,54.559999999999995
3627500,3632500,5000,50.7
3630000,3635000,5000,39.24
3632500,3637500,5000,42.22
3635000,3640000,5000,50.38
3637500,3642500,5000,50.8
3640000,3645000,5000,52.94
3642500,3647500,5000,54.620000000000005
3645000,3650000,5000,51.959999999999994
3647500,3652500,5000,46.300000000000004
3650000,3655000,5000,42.34
3652500,3657500,5000,42.6
3655000,3660000,5000,42.8
3657500,3662500,5000,47.72
3660000,3665000,5000,49.6
3662500,3667500,5000,46.68
3665000,3670000,5000,46.22
3667500,3672500,5000,47.620000000000005
3670000,3675000,5000,50.36000000000001
3672500,3677500,5000,52.62
3675000,3680000,5000,53.339999999999996
3677500,3682500,5000,53.02
3680000,3685000,5000,52.42
3682500,3687500,5000,53.6
3685000,3690000,5000,56.02
3687500,3692500,5000,55.60000000000001
3690000,3695000,5000,54.900000000000006
3692500,3697500,5000,52.0
3695000,3700000,5000,50.92
3697500,3702500,5000,51.22
3700000,3705000,5000,53.580000000000005
3702500,3707500,5000,55.120000000000005
3705000,3710000,5000,51.4
3707500,3712500,5000,49.3
3710000,3715000,5000,49.980000000000004
3712500,3717500,5000,52.400000000000006
3715000,3720000,5000,51.019999999999996
3717500,3722500,5000,45.660000000000004
3720000,3725000,5000,49.5
3722500,3727500,5000,51.06
3725000,3730000,5000,48.44
3727500,3732500,5000,48.54
3730000,3735000,5000,48.08
3732500,3737500,5000,49.08
3735000,3740000,5000,50.54
3737500,3742500,5000,52.35999999999999
3740000,3745000,5000,49.78
3742500,3747500,5000,49.76
3745000,3750000,5000,54.66
3747500,3752500,5000,53.52
3750000,3755000,5000,49.16
3752500,3757500,5000,51.300000000000004
3755000,3760000,5000,52.94
3757500,3762500,5000,53.5
3760000,3765000,5000,58.32000000000001
3762500,3767500,5000,54.879999999999995
3765000,3770000,5000,42.18
3767500,3772500,5000,42.620000000000005
3770000,3775000,5000,51.25999999999999
3772500,3777500,5000,51.28
3775000,3780000,5000,52.0
3777500,3782500,5000,55.379999999999995
3780000,3785000,5000,54.339999999999996
3782500,3787500,5000,52.959999999999994
3785000,3790000,5000,52.580000000000005
3787500,3792500,5000,51.64
3790000,3795000,5000,46.88
3792500,3797500,5000,45.019999999999996
3795000,3800000,5000,39.800000000000004
3797500,3802500,5000,33.22
3800000,3805000,5000,34.5
3802500,3807500,5000,39.18
3805000,3810000,5000,45.76
3807500,3812500,5000,49.44
3810000,3815000,5000,51.9
3812500,3817500,5000,53.32
3815000,3820000,5000,50.9
3817500,3822500,5000,49.519999999999996
3820000,3825000,5000,52.559999999999995
3822500,3827500,5000,55.16
3825000,3830000,5000,54.42
3827500,3832500,5000,53.44
3830000,3835000,5000,52.959999999999994
3832500,3837500,5000,48.68
3835000,3840000,5000,46.26
3837500,3842500,5000,48.3
3840000,3845000,5000,49.38
3842500,3847500,5000,51.42
3845000,3850000,5000,55.04
3847500,3852500,5000,55.82
3850000,3855000,5000,54.16
3852500,3857500,5000,52.239999999999995
3855000,3860000,5000,52.459999999999994
3857500,3862500,5000,50.9
3860000,3865000,5000,50.239999999999995
3862500,3867500,5000,50.94
3865000,3870000,5000,51.300000000000004
3867500,3872500,5000,52.42
3870000,3875000,5000,54.04
3872500,3877500,5000,52.1
3875000,3880000,5000,51.25999999999999
3877500,3882500,5000,54.24
3880000,3885000,5000,53.339999999999996
3882500,3887500,5000,53.400000000000006
3885000,3890000,5000,52.059999999999995
3887500,3892500,5000,48.9
3890000,3895000,5000,49.88
3892500,3897500,5000,51.300000000000004
3895000,3900000,5000,48.72
3897500,3902500,5000,46.32
3900000,3905000,5000,48.5
3902500,3907500,5000,48.22
3905000,3910000,5000,49.94
3907500,3912500,5000,52.26
3910000,3915000,5000,51.559999999999995
3912500,3917500,5000,52.86
3915000,3920000,5000,53.080000000000005
3917500,3922500,5000,52.339999999999996
3920000,3925000,5000,49.559999999999995
3922500,3927500,5000,48.78
3925000,3930000,5000,51.64
3927500,3932500,5000,51.82
3930000,3935000,5000,50.2
3932500,3937500,5000,51.2
3935000,3940000,5000,50.94
3937500,3942500,5000,50.03999999999999
3940000,3945000,5000,51.300000000000004
3942500,3947500,5000,52.400000000000006
3945000,3950000,5000,51.019999999999996
3947500,3952500,5000,50.160000000000004
3950000,3955000,5000,52.94
3952500,3957500,5000,56.74
3955000,3960000,5000,55.900000000000006
3957500,3962500,5000,51.959999999999994
3960000,3965000,5000,51.300000000000004
3962500,3967500,5000,51.35999999999999
3965000,3970000,5000,49.88
3967500,3972500,5000,51.32
3970000,3975000,5000,54.059999999999995
3972500,3977500,5000,54.300000000000004
3975000,3980000,5000,53.26
3977500,3982500,5000,52.68000000000001
3980000,3985000,5000,52.580000000000005
3982500,3987500,5000,51.25999999999999
3985000,3990000,5000,52.059999999999995
3987500,3992500,5000,53.04
3990000,3995000,5000,51.62
3992500,3997500,5000,53.300000000000004
3995000,4000000,5000,56.26
3997500,4002500,5000,53.620000000000005
4000000,4005000,5000,47.32
4002500,4007500,5000,49.04
4005000,4010000,5000,53.04
4007500,4012500,5000,52.959999999999994
4010000,4015000,5000,54.04
4012500,4017500,5000,53.5
4015000,4020000,5000,52.78
4017500,4022500,5000,51.85999999999999
4020000,4025000,5000,51.239999999999995
4022500,4027500,5000,52.68000000000001
4025000,4030000,5000,55.24
4027500,4032500,5000,54.98
4030000,4035000,5000,53.26
4032500,4037500,5000,52.300000000000004
4035000,4040000,5000,51.88
4037500,4042500,5000,51.82
4040000,4045000,5000,47.82
4042500,4047500,5000,44.78
4045000,4050000,5000,47.599999999999994
4047500,4052500,5000,50.38
4050000,4055000,5000,52.080000000000005
4052500,4057500,5000,53.92
4055000,4060000,5000,52.959999999999994
4057500,4062500,5000,48.4
4060000,4065000,5000,44.58
4062500,4067500,5000,47.660000000000004
4065000,4070000,5000,50.4
4067500,4072500,5000,51.480000000000004
4070000,4075000,5000,53.18000000000001
4072500,4077500,5000,52.44
4075000,4080000,5000,47.88
4077500,4082500,5000,49.2
4080000,4085000,5000,54.379999999999995
4082500,4087500,5000,52.78
4085000,4090000,5000,49.76
4087500,4092500,5000,51.4
4090000,4095000,5000,53.5
4092500,4097500,5000,53.779999999999994
4095000,4100000,5000,52.86
4097500,4102500,5000,50.44
4100000,4105000,5000,51.739999999999995
4102500,4107500,5000,51.7
4105000,4110000,5000,50.1
4107500,4112500,5000,50.03999999999999
4110000,4115000,5000,49.5
4112500,4117500,5000,51.72
4115000,4120000,5000,51.76
4117500,4122500,5000,50.94
4120000,4125000,5000,53.26
4122500,4127500,5000,54.800000000000004
4125000,4130000,5000,54.02
4127500,4132500,5000,54.379999999999995
4130000,4135000,5000,53.800000000000004
4132500,4137500,5000,52.78
4135000,4140000,5000,53.94
4137500,4142500,5000,53.92
4140000,4145000,5000,53.76
4142500,4147500,5000,53.74
4145000,4150000,5000,52.82
4147500,4152500,5000,52.900000000000006
4150000,4155000,5000,52.739999999999995
4152500,4157500,5000,52.86
4155000,4160000,5000,54.44
4157500,4162500,5000,51.959999999999994
4160000,4165000,5000,50.38
4162500,4167500,5000,50.92
4165000,4170000,5000,51.519999999999996
4167500,4172500,5000,52.019999999999996
4170000,4175000,5000,49.44
4172500,4177500,5000,48.78
4175000,4180000,5000,50.7
4177500,4182500,5000,50.18
4180000,4185000,5000,51.559999999999995
4182500,4187500,5000,53.080000000000005
4185000,4190000,5000,52.559999999999995
4187500,4192500,5000,52.72
4190000,4195000,5000,54.7
4192500,4197500,5000,54.72
4195000,4200000,5000,53.959999999999994
4197500,4202500,5000,53.300000000000004
4200000,4205000,5000,54.059999999999995
4202500,4207500,5000,56.49999999999999
4205000,4210000,5000,53.66
4207500,4212500,5000,51.88
4210000,4215000,5000,51.62
4212500,4217500,5000,50.480000000000004
4215000,4220000,5000,52.28
4217500,4222500,5000,46.760000000000005
4220000,4225000,5000,45.72
4222500,4227500,5000,53.44
4225000,4230000,5000,54.379999999999995
4227500,4232500,5000,51.76
4230000,4235000,5000,51.019999999999996
4232500,4237500,5000,52.1
4235000,4240000,5000,52.980000000000004
4237500,4242500,5000,50.86000000000001
4240000,4245000,5000,50.660000000000004
4242500,4247500,5000,52.78
4245000,4250000,5000,52.26
4247500,4252500,5000,45.42
4250000,4255000,5000,45.879999999999995
4252500,4257500,5000,53.1
4255000,4260000,5000,52.54
4257500,4262500,5000,46.72
4260000,4265000,5000,46.22
4262500,4267500,5000,52.300000000000004
4265000,4270000,5000,47.9
4267500,4272500,5000,48.559999999999995
4270000,4275000,5000,53.98
4272500,4277500,5000,49.1
4275000,4280000,5000,48.5
4277500,4282500,5000,50.5
4280000,4285000,5000,48.64
4282500,4287500,5000,51.78
4285000,4290000,5000,53.54
4287500,4292500,5000,54.84
4290000,4295000,5000,54.48
4292500,4297500,5000,51.66
4295000,4300000,5000,53.080000000000005
4297500,4302500,5000,54.54
4300000,4305000,5000,53.400000000000006
4302500,4307500,5000,52.0
4305000,4310000,5000,51.85999999999999
4307500,4312500,5000,49.1
4310000,4315000,5000,48.480000000000004
4312500,4317500,5000,55.7
4315000,4320000,5000,60.68
4317500,4322500,5000,61.08
4320000,4325000,5000,60.519999999999996
4322500,4327500,5000,54.22
4325000,4330000,5000,51.28
4327500,4332500,5000,51.72
4330000,4335000,5000,51.62
4332500,4337500,5000,51.019999999999996
4335000,4340000,5000,48.9
4337500,4342500,5000,49.46
4340000,4345000,5000,49.16
4342500,4347500,5000,51.42
4345000,4350000,5000,51.339999999999996
4347500,4352500,5000,48.08
4350000,4355000,5000,45.540000000000006
4352500,4357500,5000,46.7
4355000,4360000,5000,49.08
4357500,4362500,5000,43.88
4360000,4365000,5000,46.839999999999996
4362500,4367500,5000,52.26
4365000,4370000,5000,49.3
4367500,4372500,5000,49.9
4370000,4375000,5000,49.7
4372500,4377500,5000,48.96
4375000,4380000,5000,51.0
4377500,4382500,5000,53.059999999999995
4380000,4385000,5000,51.339999999999996
4382500,4387500,5000,50.46000000000001
4385000,4390000,5000,54.379999999999995
4387500,4392500,5000,53.959999999999994
4390000,4395000,5000,52.62
4392500,4397500,5000,54.0
4395000,4400000,5000,55.279999999999994
4397500,4402500,5000,54.26
4400000,4405000,5000,52.6
4402500,4407500,5000,52.68000000000001
4405000,4410000,5000,53.76
4407500,4412500,5000,49.62
4410000,4415000,5000,48.699999999999996
4412500,4417500,5000,51.800000000000004
4415000,4420000,5000,49.980000000000004
4417500,4422500,5000,51.04
4420000,4425000,5000,53.7
4422500,4427500,5000,50.86000000000001
4425000,4430000,5000,48.22
4427500,4432500,5000,50.62
4430000,4435000,5000,52.839999999999996
4432500,4437500,5000,51.82
4435000,4440000,5000,45.78
4437500,4442500,5000,45.76
4440000,4445000,5000,51.92
4442500,4447500,5000,54.67999999999999
4445000,4450000,5000,52.459999999999994
4447500,4452500,5000,51.5
4450000,4455000,5000,54.14
4452500,4457500,5000,53.82
4455000,4460000,5000,52.6
4457500,4462500,5000,52.62
4460000,4465000,5000,52.32
4462500,4467500,5000,52.019999999999996
4465000,4470000,5000,52.44
4467500,4472500,5000,51.92
4470000,4475000,5000,49.78
4472500,4477500,5000,42.24
4475000,4480000,5000,41.54
4477500,4482500,5000,47.8
4480000,4485000,5000,51.76
4482500,4487500,5000,53.64
4485000,4490000,5000,53.14
4487500,4492500,5000,51.25999999999999
4490000,4495000,5000,47.4
4492500,4497500,5000,48.28
4495000,4500000,5000,49.480000000000004
4497500,4502500,5000,49.6
4500000,4505000,5000,47.339999999999996
4502500,4507500,5000,42.16
4505000,4510000,5000,44.940000000000005
4507500,4512500,5000,51.9
4510000,4515000,5000,56.220000000000006
4512500,4517500,5000,58.3
4515000,4520000,5000,54.82
4517500,4522500,5000,49.68
4520000,4525000,5000,51.480000000000004
4522500,4527500,5000,50.68
4525000,4530000,5000,49.78
4527500,4532500,5000,51.559999999999995
4530000,4535000,5000,50.5
4532500,4537500,5000,47.980000000000004
4535000,4540000,5000,43.6
4537500,4542500,5000,40.5
4540000,4545000,5000,41.82
4542500,4547500,5000,46.54
4545000,4550000,5000,49.54
4547500,4552500,5000,51.54
4550000,4555000,5000,54.14
4552500,4557500,5000,48.6
4555000,4560000,5000,47.760000000000005
4557500,4562500,5000,52.839999999999996
4560000,4565000,5000,50.62
4562500,4567500,5000,51.239999999999995
4565000,4570000,5000,50.980000000000004
4567500,4572500,5000,48.54
4570000,4575000,5000,47.44
4572500,4577500,5000,46.78
4575000,4580000,5000,44.48
4577500,4582500,5000,44.68
4580000,4585000,5000,50.56
4582500,4587500,5000,52.94
4585000,4590000,5000,52.839999999999996
4587500,4592500,5000,53.12
4590000,4595000,5000,52.22
4592500,4597500,5000,50.760000000000005
4595000,4600000,5000,50.160000000000004
4597500,4602500,5000,51.88
4600000,4605000,5000,48.28
4602500,4607500,5000,47.74
4605000,4610000,5000,52.78
4607500,4612500,5000,52.16
4610000,4615000,5000,53.18000000000001
4612500,4617500,5000,54.120000000000005
4615000,4620000,5000,53.68000000000001
4617500,4622500,5000,53.68000000000001
4620000,4625000,5000,53.7
4622500,4627500,5000,56.08
4625000,4630000,5000,54.84
4627500,4632500,5000,53.16
4630000,4635000,5000,54.1
4632500,4637500,5000,52.72
4635000,4640000,5000,51.06
4637500,4641652,4152,48.627167630057805
